{"type": "block", "layer": 0, "block": 0, "features": [{"geom": {"pts": [[-1.7810705099254847, -61.4469325048849, 0.0]], "rotateX": 0, "rotateY": 0, "rotateZ": 0, "scale": 1}, "model": 0}, {"geom": {"pts": [[-59.36901691555977, -41.855156923644245, 0.0]], "rotateX": 0, "rotateY": 0, "rotateZ": 0, "scale": 1}, "model": 0}, {"geom": {"pts": [[-12.467493554577231, 24.044451849535108, 0.0]], "rotateX": 0, "rotateY": 0, "rotateZ": 0, "scale": 1}, "model": 0}, {"geom": {"pts": [[85.49138435162604, -24.638142018578947, 0.0]], "rotateX": 0, "rotateY": 0, "rotateZ": 0, "scale": 1}, "model": 0}], "featureCount": 4, "startIndex": 0}